{"properties":{"connectionReferences":{"shared_commondataserviceforapps":{"runtimeSource":"embedded","connection":{},"api":{"name":"shared_commondataserviceforapps"}},"shared_commondataservice":{"runtimeSource":"embedded","connection":{},"api":{"name":"shared_commondataservice"}}},"definition":{"$schema":"https://schema.management.azure.com/providers/Microsoft.Logic/schemas/2016-06-01/workflowdefinition.json#","contentVersion":"1.0.0.0","parameters":{"$connections":{"defaultValue":{},"type":"Object"},"$authentication":{"defaultValue":{},"type":"SecureObject"}},"triggers":{"When_Locality_Change_is_Made":{"type":"OpenApiConnectionWebhook","inputs":{"host":{"connectionName":"shared_commondataservice","operationId":"SubscribeOnUpdatedItems","apiId":"/providers/Microsoft.PowerApps/apis/shared_commondataservice"},"parameters":{"dataset":"default.cds","table":"incidents","scope":"Organization","subscriptionRequest/AttributeFilters":["ans_localitycaseupdate"]},"authentication":"@parameters('$authentication')"}}},"actions":{"Get_a_record":{"runAfter":{"Check_if_Locality_Notified_is_Populated":["Succeeded"]},"type":"OpenApiConnection","inputs":{"host":{"connectionName":"shared_commondataserviceforapps","operationId":"GetItem","apiId":"/providers/Microsoft.PowerApps/apis/shared_commondataserviceforapps"},"parameters":{"entityName":"ans_localities","recordId":"@triggerOutputs()?['body/_ans_locality_value']"},"authentication":"@parameters('$authentication')"}},"Check_if_Locality_Notified_is_Populated":{"actions":{},"runAfter":{},"expression":{"equals":["@triggerOutputs()?['body/ans_localitynotified']",true]},"type":"If"},"Update_a_record":{"runAfter":{"Condition_Action":["Succeeded"]},"type":"OpenApiConnection","inputs":{"host":{"connectionName":"shared_commondataserviceforapps","operationId":"UpdateRecord","apiId":"/providers/Microsoft.PowerApps/apis/shared_commondataserviceforapps"},"parameters":{"entityName":"incidents","recordId":"@triggerOutputs()?['body/incidentid']","item/ans_localitynotified":true},"authentication":"@parameters('$authentication')"}},"Condition_Advise":{"actions":{"Terminate":{"runAfter":{},"type":"Terminate","inputs":{"runStatus":"Failed"}}},"runAfter":{"Get_a_record":["Succeeded"]},"expression":{"equals":["@triggerOutputs()?['body/ans_localitycaseupdate']",119020001]},"type":"If"},"Condition_Prepare":{"actions":{"Terminate_2":{"runAfter":{},"type":"Terminate","inputs":{"runStatus":"Failed"}}},"runAfter":{"Condition_Advise":["Succeeded"]},"expression":{"equals":["@triggerOutputs()?['body/ans_localitycaseupdate']",119020003]},"type":"If"},"Condition_Action":{"actions":{"Terminate_3":{"runAfter":{},"type":"Terminate","inputs":{"runStatus":"Failed"}}},"runAfter":{"Condition_Prepare":["Succeeded"]},"expression":{"equals":["@triggerOutputs()?['body/ans_localitycaseupdate']",119020002]},"type":"If"}},"outputs":{}}},"schemaVersion":"1.0.0.0"}