{"properties":{"connectionReferences":{"shared_office365_2":{"runtimeSource":"embedded","connection":{},"api":{"name":"shared_office365"}},"shared_commondataserviceforapps":{"runtimeSource":"embedded","connection":{},"api":{"name":"shared_commondataserviceforapps"}},"shared_commondataservice":{"runtimeSource":"embedded","connection":{},"api":{"name":"shared_commondataservice"}}},"definition":{"$schema":"https://schema.management.azure.com/providers/Microsoft.Logic/schemas/2016-06-01/workflowdefinition.json#","contentVersion":"1.0.0.0","parameters":{"$connections":{"defaultValue":{},"type":"Object"},"$authentication":{"defaultValue":{},"type":"SecureObject"}},"triggers":{"When_a_record_is_updated":{"type":"OpenApiConnectionWebhook","inputs":{"host":{"connectionName":"shared_commondataservice","operationId":"SubscribeOnUpdatedItems","apiId":"/providers/Microsoft.PowerApps/apis/shared_commondataservice"},"parameters":{"dataset":"default.cds","table":"incidents","scope":"Organization","subscriptionRequest/AttributeFilters":["ans_localitytracer2"]},"authentication":"@parameters('$authentication')"}}},"actions":{"Send_an_email_(V2)":{"runAfter":{"Get_a_record":["Succeeded"]},"type":"OpenApiConnection","inputs":{"host":{"connectionName":"shared_office365_2","operationId":"SendEmailV2","apiId":"/providers/Microsoft.PowerApps/apis/shared_office365"},"parameters":{"emailMessage/To":"@outputs('Get_a_record')?['body/internalemailaddress']","emailMessage/Subject":"Referral for contact tracing","emailMessage/Body":"<p>Dear colleague<br>\n<br>\nYou have a new case allocated to you. &nbsp;Please log into the dynamics platform to review situation details and begin contact tracing/consequence management activities.<br>\n<br>\nKind Regards<br>\nManager<br>\n</p>"},"authentication":"@parameters('$authentication')"}},"Get_a_record":{"runAfter":{},"type":"OpenApiConnection","inputs":{"host":{"connectionName":"shared_commondataserviceforapps","operationId":"GetItem","apiId":"/providers/Microsoft.PowerApps/apis/shared_commondataserviceforapps"},"parameters":{"entityName":"systemusers","recordId":"@triggerOutputs()?['body/_ans_localitytracer2_value']"},"authentication":"@parameters('$authentication')"}}},"outputs":{}}},"schemaVersion":"1.0.0.0"}